'600150,2017/9/15,24.62,24.86,24.53,24.58,24.59,0.03,0.122,0.6874,9472633,234155428,33929255263,33929255263
'600150,2017/9/14,24.59,25.07,24.5,25,25.04,-0.45,-1.7971,1.097,15117448,373445944,33887911735,33887911735
'600150,2017/9/13,25.04,25.14,24.85,24.85,24.94,0.1,0.401,0.5511,7594816,189906649,34508064654,34508064654
'600150,2017/9/12,24.94,25.2,24.83,25,24.94,0,0,0.9227,12716470,318123917,34370252894,34370252894
'600150,2017/9/11,24.94,25,24.62,24.74,24.78,0.16,0.6457,0.686,9453283,234788417,34370252894,34370252894
'600150,2017/9/8,24.78,24.98,24.54,24.7,24.74,0.04,0.1617,0.7361,10144168,251256200,34149754078,34149754078
'600150,2017/9/7,24.74,25.12,24.72,25.05,25.09,-0.35,-1.395,0.9201,12680391,316040085,34094629375,34094629375
'600150,2017/9/6,25.09,25.32,24.81,25.18,25.21,-0.12,-0.476,1.1991,16524670,413886493,34576970534,34576970534
'600150,2017/9/5,25.21,25.7,25.2,25.67,25.67,-0.46,-1.792,0.9596,13223741,335123811,34742344646,34742344646
'600150,2017/9/4,25.67,25.85,25.48,25.6,25.49,0.18,0.7062,1.2099,16674038,427283071,35376278741,35376278741
'600150,2017/9/1,25.49,25.6,25.2,25.38,25.29,0.2,0.7908,0.9757,13446009,341429826,35128217573,35128217573
'600150,2017/8/31,25.29,25.39,25.02,25.32,25.3,-0.01,-0.0395,0.8436,11625869,293184198,34852594053,34852594053
'600150,2017/8/30,25.3,25.44,25.13,25.33,25.36,-0.06,-0.2366,0.9168,12634055,318547498,34866375229,34866375229
'600150,2017/8/29,25.36,25.7,25.3,25.7,25.83,-0.47,-1.8196,1.2459,17170269,437198442,34949062285,34949062285
'600150,2017/8/28,25.83,25.98,25.2,25.38,25.36,0.47,1.8533,1.7901,24669203,632386383,35596777556,35596777556
'600150,2017/8/25,25.36,25.56,25.12,25.22,25.33,0.03,0.1184,1.1758,16204250,410429452,34949062285,34949062285
'600150,2017/8/24,25.33,25.76,25.1,25.6,25.58,-0.25,-0.9773,1.4342,19765024,502355208,34907718757,34907718757
'600150,2017/8/23,25.58,25.88,25.24,25.47,25.49,0.09,0.3531,1.4011,19309026,494043151,35252248157,35252248157
'600150,2017/8/22,25.49,26.44,25.41,26.06,26.04,-0.55,-2.1121,2.2278,30701836,792752799,35128217573,35128217573
'600150,2017/8/21,26.04,26.92,25.6,26.73,26.49,-0.45,-1.6988,3.0022,41373780,1079051091,35886182252,35886182252
'600150,2017/8/18,26.49,26.83,25.59,25.65,25.83,0.66,2.5552,4.022,55427408,1461458922,36506335171,36506335171
'600150,2017/8/17,25.83,26.66,24.91,24.92,24.39,1.44,5.9041,4.0701,56090147,1450362360,35596777556,35596777556
'600150,2017/8/16,24.39,24.49,23.9,24.2,24.19,0.2,0.8268,1.6317,22487192,546187738,33612288215,33612288215
'600150,2017/8/15,24.19,24.44,23.82,23.95,23.94,0.25,1.0443,1.2132,16719496,403309218,33336664696,33336664696
'600150,2017/8/14,23.94,23.99,23.45,23.5,23.72,0.22,0.9275,0.956,13175268,313106465,32992135296,32992135296
'600150,2017/8/11,23.72,24.68,23.7,23.81,23.95,-0.23,-0.9603,1.7605,24261841,586307642,32688949425,32688949425
'600150,2017/8/10,23.95,24.48,23.8,23.84,23.83,0.12,0.5036,1.138,15682293,378306245,33005916472,33005916472
'600150,2017/8/9,23.83,24.15,23.77,24.03,24.2,-0.37,-1.5289,0.9558,13172534,315043858,32840542360,32840542360
'600150,2017/8/8,24.2,24.49,23.7,24.09,24.12,0.08,0.3317,1.735,23910638,576069937,33350445872,33350445872
'600150,2017/8/7,24.12,24.35,23.72,24,24.35,-0.23,-0.9446,1.4428,19883256,476985386,33240196464,33240196464
'600150,2017/8/4,24.35,24.98,22.9,23,22.92,1.43,6.2391,3.3855,46655550,1115448450,33557163511,33557163511
'600150,2017/8/3,22.92,23.02,22.55,22.6,22.6,0.32,1.4159,0.7391,10185290,232773715,31586455346,31586455346
'600150,2017/8/2,22.6,23.22,22.5,23.07,23.05,-0.45,-1.9523,1.201,16551513,376428894,31145457715,31145457715
'600150,2017/8/1,23.05,23.4,23.02,23.17,23.14,-0.09,-0.3889,1.0738,14798271,343512908,31765610634,31765610634
'600150,2017/7/31,23.14,23.59,23.02,23.49,23.34,-0.2,-0.8569,0.99,13643275,315932921,31889641218,31889641218
'600150,2017/7/28,23.34,23.64,23.19,23.32,23.37,-0.03,-0.1284,1.0518,14494612,339780750,32165264737,32165264737
'600150,2017/7/27,23.37,23.48,22.88,23.16,23.18,0.19,0.8197,1.1944,16460750,381967843,32206608265,32206608265
'600150,2017/7/26,23.18,23.2,22.68,22.83,22.91,0.27,1.1785,0.8849,12195204,279902047,31944765922,31944765922
'600150,2017/7/25,22.91,23.24,22.81,23.19,23.09,-0.18,-0.7796,0.8076,11129342,255985690,31572674170,31572674170
'600150,2017/7/24,23.09,23.16,22.5,22.69,22.68,0.41,1.8078,1.2577,17331983,395904725,31820735338,31820735338
'600150,2017/7/21,22.68,22.87,22.45,22.72,22.72,-0.04,-0.1761,0.6066,8359723,189643650,31255707123,31255707123
'600150,2017/7/20,22.72,22.98,22.6,22.68,22.65,0.07,0.3091,0.6869,9466735,215184002,31310831827,31310831827
'600150,2017/7/19,22.65,22.85,21.67,21.84,21.81,0.84,3.8514,1.2848,17706074,397601084,31214363595,31214363595
'600150,2017/7/18,21.81,21.85,21.4,21.57,21.56,0.25,1.1596,0.8062,11110256,240683761,30056744812,30056744812
'600150,2017/7/17,21.56,23.06,21.4,23,23.16,-1.6,-6.9085,1.4438,19896765,438182059,29712215413,29712215413
'600150,2017/7/14,23.16,23.49,22.98,23.22,23.38,-0.22,-0.941,0.8509,11726012,272672854,31917203570,31917203570
'600150,2017/7/13,23.38,23.39,22.71,22.81,22.85,0.53,2.3195,1.0928,15059738,347875496,32220389441,32220389441
'600150,2017/7/12,22.85,23.22,22.59,23.11,23.11,-0.26,-1.1251,0.9186,12659096,290012099,31489987114,31489987114
'600150,2017/7/11,23.11,23.47,23.1,23.4,23.49,-0.38,-1.6177,0.8532,11758170,273315165,31848297690,31848297690
'600150,2017/7/10,23.49,23.96,23.39,23.7,23.62,-0.13,-0.5504,1.3019,17942195,425119410,32371982377,32371982377
'600150,2017/7/7,23.62,23.75,23.07,23.2,23.3,0.32,1.3734,1.5494,21352274,501226679,32551137665,32551137665
'600150,2017/7/6,23.3,23.31,22.85,23.03,23.03,0.27,1.1724,1.1556,15926041,368287447,32110140033,32110140033
'600150,2017/7/5,23.03,23.05,22.8,23.05,23,0.03,0.1304,0.6144,8466936,194351977,31738048282,31738048282
'600150,2017/7/4,23,23.1,22.86,23.08,23,0,0,0.5837,8044087,184685164,31696704754,31696704754
'600150,2017/7/3,23,23.02,22.73,22.8,22.87,0.13,0.5684,0.5209,7178703,164381094,31696704754,31696704754
'600150,2017/6/30,22.87,22.9,22.66,22.9,22.95,-0.08,-0.3486,0.5503,7584222,172923415,31517549466,31517549466
'600150,2017/6/29,22.95,23.1,22.88,22.95,22.89,0.06,0.2621,0.6287,8664110,198966992,31627798874,31627798874
'600150,2017/6/28,22.89,23.1,22.8,23.1,23.15,-0.26,-1.1231,0.7798,10746573,246271530,31545111818,31545111818
'600150,2017/6/27,23.15,23.33,22.91,23.05,23.05,0.1,0.4338,1.0363,14280953,330232128,31903422394,31903422394
'600150,2017/6/26,23.05,23.08,22.53,22.54,22.63,0.42,1.8559,0.9088,12523740,286968737,31765610634,31765610634
'600150,2017/6/23,22.63,22.94,22.27,22.74,22.76,-0.13,-0.5712,0.9217,12702509,286897855,31186801243,31186801243
'600150,2017/6/22,22.76,23.17,22.75,23.15,23.13,-0.37,-1.5997,0.8738,12042400,276741366,31365956531,31365956531
'600150,2017/6/21,23.13,23.43,22.9,23.21,22.96,0.17,0.7404,1.0066,13871854,321608939,31875860042,31875860042
'600150,2017/6/20,22.96,23.19,22.9,23.13,23.17,-0.21,-0.9063,0.8853,12200521,280971999,31641580050,31641580050
'600150,2017/6/19,23.17,23.26,22.68,22.76,22.77,0.4,1.7567,1.3578,18712424,431155336,31930984746,31930984746
'600150,2017/6/16,22.77,22.93,22.45,22.5,22.54,0.23,1.0204,0.9465,13044087,295980601,31379737707,31379737707
'600150,2017/6/15,22.54,22.8,22.36,22.37,22.49,0.05,0.2223,1.0446,14395229,325178316,31062770659,31062770659
'600150,2017/6/14,22.49,22.82,22.32,22.43,22.47,0.02,0.089,0.8565,11803633,266328746,30993864779,30993864779
'600150,2017/6/13,22.47,22.58,22.1,22.21,22.21,0.26,1.1706,0.6058,8348896,187206571,30966302427,30966302427
'600150,2017/6/12,22.21,22.75,22.18,22.73,22.85,-0.64,-2.8009,0.7356,10136782,227174402,30607991852,30607991852
'600150,2017/6/9,22.85,23.16,22.75,23.06,23.11,-0.26,-1.1251,0.9475,13057740,299016452,31489987114,31489987114
'600150,2017/6/8,23.11,23.15,22.69,22.7,22.81,0.3,1.3152,1.1125,15330870,351049909,31848297690,31848297690
'600150,2017/6/7,22.81,22.91,22.45,22.56,22.55,0.26,1.153,1.0531,14512805,330281852,31434862410,31434862410
'600150,2017/6/6,22.55,22.8,22.35,22.51,22.52,0.03,0.1332,0.6769,9328299,210699936,31076551835,31076551835
'600150,2017/6/5,22.52,22.85,22.28,22.28,22.28,0.24,1.0772,0.8467,11668070,263555736,31035208307,31035208307
'600150,2017/6/2,22.28,22.3,21.3,21.49,21.59,0.69,3.1959,0.9198,12676332,278597165,30704460083,30704460083
'600150,2017/6/1,21.59,22.29,21.52,22.23,22.31,-0.72,-3.2273,0.7419,10224558,223292676,29753558941,29753558941
'600150,2017/5/31,22.31,22.98,22.16,22.42,21.99,0.32,1.4552,1.0695,14739417,332028898,30745803611,30745803611
'600150,2017/5/26,21.99,22.19,21.91,22.01,22.07,-0.08,-0.3625,0.5882,8106211,178760886,30304805980,30304805980
'600150,2017/5/25,22.07,22.18,21.36,22.02,21.8,0.27,1.2385,0.9139,12594202,275726371,30415055388,30415055388
'600150,2017/5/24,21.8,21.98,21.03,21.29,21.61,0.19,0.8792,0.9288,12800357,275390248,30042963636,30042963636
'600150,2017/5/23,21.61,23.26,21.48,23.24,23.19,-1.58,-6.8133,1.8426,25393560,564666697,29781121293,29781121293
'600150,2017/5/22,23.19,24.11,23.17,23.79,23.81,-0.62,-2.6039,0.9232,12723366,299575948,31958547098,31958547098
'600150,2017/5/19,23.81,24.12,23.67,23.75,23.74,0.07,0.2949,0.5972,8229458,196442862,32812980008,32812980008
'600150,2017/5/18,23.74,24.28,23.72,23.9,24.14,-0.4,-1.657,0.6616,9117264,218025140,32716511777,32716511777
'600150,2017/5/17,24.14,24.46,23.71,23.84,23.85,0.29,1.2159,1.1752,16195329,391971297,33267758816,33267758816
'600150,2017/5/16,23.85,23.86,22.95,23.26,23.33,0.52,2.2289,0.9481,13066612,305451319,32868104712,32868104712
'600150,2017/5/15,23.33,24.06,23.28,23.86,23.81,-0.48,-2.016,0.7009,9659491,227948409,32151483561,32151483561
'600150,2017/5/12,23.81,24.17,23.61,23.95,23.97,-0.16,-0.6675,0.7592,10462351,249569353,32812980008,32812980008
'600150,2017/5/11,23.97,24.07,22.93,23,23.24,0.73,3.1411,1.383,19059574,448014041,33033478824,33033478824
'600150,2017/5/10,23.24,23.7,23.21,23.67,23.61,-0.37,-1.5671,0.9054,12476795,292414137,32027452978,32027452978
'600150,2017/5/9,23.61,23.95,22.9,23,23.05,0.56,2.4295,1.2104,16681412,392490878,32537356489,32537356489
'600150,2017/5/8,23.05,24.32,23.02,24.32,24.37,-1.32,-5.4165,1.5526,21396605,504688120,31765610634,31765610634
'600150,2017/5/5,24.37,25.57,24.24,25.24,25.25,-0.88,-3.4851,1.4245,19630617,489485607,33584725863,33584725863
'600150,2017/5/4,25.25,25.91,25.18,25.8,25.92,-0.67,-2.5849,1.1076,15263919,388918284,34797469350,34797469350
'600150,2017/5/3,25.92,26.09,25.71,25.99,26.11,-0.19,-0.7277,0.9432,12998855,336169238,35720808140,35720808140
'600150,2017/5/2,26.11,26.4,25.95,26.4,26.66,-0.55,-2.063,1.0427,14369908,375018391,35982650484,35982650484
'600150,2017/4/28,26.66,27.13,26.4,26.65,26.65,0.01,0.0375,0.8961,12348770,330481624,36740615163,36740615163
'600150,2017/4/27,26.65,27.43,25.8,27.43,27.72,-1.07,-3.86,2.3333,32156244,850384326,36726833987,36726833987
'600150,2017/4/26,27.72,29.15,27.59,29,29.33,-1.61,-5.4893,2.2621,31174397,879383560,38201419817,38201419817
'600150,2017/4/25,29.33,29.41,26.89,27.5,27.32,2.01,7.3572,1.9832,27330606,764599400,40420189149,40420189149
'600150,2017/4/24,27.32,28.6,27.27,28.39,28.23,-0.91,-3.2235,1.4176,19536589,543639518,37650172777,37650172777
'600150,2017/4/21,28.23,29.48,28.09,29.36,29.36,-1.13,-3.8488,1.3319,18355003,530717952,38904259792,38904259792
'600150,2017/4/20,29.36,29.49,28.69,29.03,29.02,0.34,1.1716,1.4849,20463138,595457943,40461532677,40461532677
'600150,2017/4/19,29.02,29.8,28.54,29.5,29.67,-0.65,-2.1908,1.6651,22946581,666701444,39992972694,39992972694
'600150,2017/4/18,29.67,30.24,29.42,29.83,29.83,-0.16,-0.5364,1.3146,18116869,540357128,40888749133,40888749133
'600150,2017/4/17,29.83,31.03,29.21,31.03,31.14,-1.31,-4.2068,1.8056,24883824,744762971,41109247948,41109247948
'600150,2017/4/14,31.14,31.84,30.8,31.2,30.98,0.16,0.5165,2.1479,29600577,927690373,42914582002,42914582002
'600150,2017/4/13,30.98,31.45,30.71,31.1,31.18,-0.2,-0.6414,1.7133,23611365,731865284,42694083186,42694083186
'600150,2017/4/12,31.18,32.47,30.92,31.45,31.63,-0.45,-1.4227,3.2188,44359102,1399353948,42969706706,42969706706
'600150,2017/4/11,31.63,31.99,29.78,30.01,30.18,1.45,4.8045,4.9566,68308060,2113269927,43589859625,43589859625
'600150,2017/4/10,30.18,30.65,29.13,29.76,29.29,0.89,3.0386,3.5963,49561699,1489061995,41591589108,41591589108
'600150,2017/4/7,29.29,30.48,29.23,29.6,28.83,0.46,1.5956,3.7167,51220676,1529287450,40365064445,40365064445
'600150,2017/4/6,28.83,29.23,28.66,28.84,28.78,0.05,0.1737,1.8611,25647507,743246814,39731130350,39731130350
'600150,2017/4/5,28.78,28.97,27.96,28.11,28.3,0.48,1.6961,2.1815,30063796,859871845,39662224470,39662224470
'600150,2017/3/31,28.3,28.64,27.5,27.5,27.27,1.03,3.777,2.2337,30782390,870558836,39000728023,39000728023
'600150,2017/3/30,27.27,28.27,27.21,28.19,28.18,-0.91,-3.2292,1.1943,16458265,455271135,37581266898,37581266898
'600150,2017/3/29,28.18,28.48,27.79,27.9,27.9,0.28,1.0036,1.4009,19306551,544105886,38835353912,38835353912
'600150,2017/3/28,27.9,28.29,27.82,27.92,27.94,-0.04,-0.1432,0.8185,11279715,316426365,38449480984,38449480984
'600150,2017/3/27,27.94,28.22,27.71,27.98,28,-0.06,-0.2143,1.293,17818629,498634128,38504605688,38504605688
'600150,2017/3/24,28,28.07,27.26,27.33,27.35,0.65,2.3766,1.5151,20879921,578369463,38587292744,38587292744
'600150,2017/3/23,27.35,27.43,26.85,27.15,27.19,0.16,0.5885,1.0605,14614656,397857854,37691516305,37691516305
'600150,2017/3/22,27.19,27.51,26.91,27.51,27.6,-0.41,-1.4855,1.1673,16086289,437174095,37471017490,37471017490
'600150,2017/3/21,27.6,27.8,27.55,27.78,27.76,-0.16,-0.5764,0.7343,10119371,279756837,38036045705,38036045705
'600150,2017/3/20,27.76,27.9,27.41,27.77,27.65,0.11,0.3978,0.756,10418044,287742885,38256544521,38256544521
'600150,2017/3/17,27.65,28.23,27.6,28.16,28.16,-0.51,-1.8111,0.9804,13510459,376673512,38104951585,38104951585
'600150,2017/3/16,28.16,28.18,27.49,27.49,27.41,0.75,2.7362,1.3282,18304201,511250856,38807791560,38807791560
'600150,2017/3/15,27.41,27.74,27.28,27.73,27.76,-0.35,-1.2608,1.0687,14728327,404775240,37774203361,37774203361
'600150,2017/3/14,27.76,28.18,27.72,27.97,27.92,-0.16,-0.5731,0.9424,12987428,363246529,38256544521,38256544521
'600150,2017/3/13,27.92,27.94,27.43,27.66,27.69,0.23,0.8306,0.9653,13303319,368965613,38477043336,38477043336
'600150,2017/3/10,27.69,28.2,27.6,28.07,28.03,-0.34,-1.213,1.1866,16352412,454659083,38160076289,38160076289
'600150,2017/3/9,28.03,29,28.02,29,29.1,-1.07,-3.677,2.0411,28128484,795788326,38628636272,38628636272
'600150,2017/3/8,29.1,29.4,28.85,29.07,29.07,0.03,0.1032,1.3573,18705208,545748934,40103222102,40103222102
'600150,2017/3/7,29.07,29.48,29.01,29.48,29.5,-0.43,-1.4576,1.1066,15250374,444339216,40061878574,40061878574
'600150,2017/3/6,29.5,29.54,28.95,29.15,29.12,0.38,1.3049,1.2723,17534438,513921295,40654469141,40654469141
'600150,2017/3/3,29.12,29.47,28.85,28.92,29.08,0.04,0.1376,1.0608,14619597,426595368,40130784454,40130784454
'600150,2017/3/2,29.08,29.59,29.01,29.5,29.54,-0.46,-1.5572,1.2312,16967835,495661434,40075659750,40075659750
'600150,2017/3/1,29.54,29.8,29.14,29.3,29.3,0.24,0.8191,1.7371,23939132,707208582,40709593845,40709593845
'600150,2017/2/28,29.3,29.56,29.01,29.2,29.29,0.01,0.0341,1.2275,16916663,494757945,40378845621,40378845621
'600150,2017/2/27,29.29,30,29.27,30,30.04,-0.75,-2.4967,1.4652,20192327,597880081,40365064445,40365064445
'600150,2017/2/24,30.04,30.19,29.28,29.49,29.57,0.47,1.5894,1.7512,24133838,718919875,41398652644,41398652644
'600150,2017/2/23,29.57,30.02,29.35,30,29.96,-0.39,-1.3017,1.5149,20877055,618525240,40750937373,40750937373
'600150,2017/2/22,29.96,30.35,29.81,30.18,30.33,-0.37,-1.2199,1.595,21981131,660999361,41288403236,41288403236
'600150,2017/2/21,30.33,30.38,29.7,30.21,30.2,0.13,0.4305,1.9775,27252284,817706457,41798306747,41798306747
'600150,2017/2/20,30.2,30.48,29.63,30.07,29.96,0.24,0.8011,2.3045,31759360,954835626,41619151460,41619151460
'600150,2017/2/17,29.96,30.43,29.22,29.39,29.41,0.55,1.8701,3.4442,47465698,1420404730,41288403236,41288403236
'600150,2017/2/16,29.41,29.74,29.08,29.18,29.25,0.16,0.547,1.7088,23548692,693128721,40530438557,40530438557
'600150,2017/2/15,29.25,30.1,28.96,29.9,29.96,-0.71,-2.3698,2.5039,34506661,1013425531,40309939742,40309939742
'600150,2017/2/14,29.96,30.5,29.72,30.2,30.21,-0.25,-0.8275,1.7713,24410052,732878616,41288403236,41288403236
'600150,2017/2/13,30.21,30.59,29.91,29.98,30.16,0.05,0.1658,1.9137,26373120,797355811,41632932636,41632932636
'600150,2017/2/10,30.16,30.7,30.11,30.6,30.78,-0.62,-2.0143,2.2764,31372007,952538727,41564026756,41564026756
'600150,2017/2/9,30.78,30.88,30.11,30.28,30.56,0.22,0.7199,2.7733,38218922,1161804231,42418459666,42418459666
'600150,2017/2/8,30.56,30.65,29.06,29.18,29.3,1.26,4.3003,4.0838,56279418,1692833155,42115273795,42115273795
'600150,2017/2/7,29.3,29.55,28.86,29.3,29.41,-0.11,-0.374,1.4626,20155788,587847080,40378845621,40378845621
'600150,2017/2/6,29.41,29.76,28.98,29.14,29.17,0.24,0.8228,2.0397,28109305,825391532,40530438557,40530438557
'600150,2017/2/3,29.17,30.13,28.31,28.74,28.06,1.11,3.9558,2.7587,38017486,1117475803,40199690334,40199690334
'600150,2017/1/26,28.06,28.09,27.6,27.75,27.7,0.36,1.2996,0.9598,13226495,367968024,38669979800,38669979800
'600150,2017/1/25,27.7,28.05,27.37,27.5,28.23,-0.53,-1.8774,1.467,20216335,560086298,38173857465,38173857465
'600150,2017/1/24,28.23,28.66,28.2,28.4,28.68,-0.45,-1.569,1.0152,13990682,396896393,38904259792,38904259792
'600150,2017/1/23,28.68,29,27.89,28,27.49,1.19,4.3288,2.137,29449977,834949414,39524412711,39524412711
'600150,2017/1/20,27.49,27.65,26.8,26.91,27,0.49,1.8148,1.1403,15714794,429432162,37884452769,37884452769
'600150,2017/1/19,27,27.54,26.92,27.35,27.63,-0.63,-2.2801,1.17,16124079,438421555,37209175146,37209175146
'600150,2017/1/18,27.63,28.28,27.57,27.78,27.76,-0.13,-0.4683,1.2957,17856032,498455403,38077389233,38077389233
'600150,2017/1/17,27.76,27.95,27.13,27.3,27.49,0.27,0.9822,1.474,20313059,560891880,38256544521,38256544521
'600150,2017/1/16,27.49,28.72,26.02,28.71,28.82,-1.33,-4.6149,2.6792,36922022,1017624299,37884452769,37884452769
'600150,2017/1/13,28.82,29.45,28.41,28.75,28.88,-0.06,-0.2078,1.8644,25693283,742069763,39717349174,39717349174
'600150,2017/1/12,28.88,29.8,28.84,29.57,29.75,-0.87,-2.9244,2.37,32661044,954038594,39800036230,39800036230
'600150,2017/1/11,29.75,30.32,29.21,29.52,29.75,0,0,2.8979,39936690,1190742102,40998998541,40998998541
'600150,2017/1/10,29.75,30.68,29.65,30.25,30.36,-0.61,-2.0092,2.9349,40445700,1218718606,40998998541,40998998541
'600150,2017/1/9,30.36,30.39,28.6,28.71,28.91,1.45,5.0156,3.5558,49003340,1451856083,41839650275,41839650275
'600150,2017/1/6,28.91,29.92,28.78,29.32,29.2,-0.29,-0.9932,2.7652,38107758,1119328873,39841379758,39841379758
'600150,2017/1/5,29.2,29.25,28.51,28.62,28.79,0.41,1.4241,2.5208,34739707,1003782669,40241033862,40241033862
'600150,2017/1/4,28.79,28.97,28.1,28.2,28.29,0.5,1.7674,2.2028,30356672,868542499,39676005646,39676005646
'600150,2017/1/3,28.29,28.59,27.71,27.72,27.61,0.68,2.4629,2.1067,29032234,819691292,38986946847,38986946847
'600150,2016/12/30,27.61,29.25,27.36,28.5,28.65,-1.04,-3.63,2.8259,38944581,1110063768,38049826881,38049826881
'600150,2016/12/29,28.65,29.45,28.55,29.2,29.35,-0.7,-2.385,2.066,28472479,824569224,39483069183,39483069183
'600150,2016/12/28,29.35,29.56,28.91,29.05,29.4,-0.05,-0.1701,1.7419,24005575,702324077,40447751501,40447751501
'600150,2016/12/27,29.4,30.2,28.91,29.8,29.97,-0.57,-1.9019,2.8861,39774271,1169760110,40516657381,40516657381
'600150,2016/12/26,29.97,30.45,29.05,29.29,29.78,0.19,0.638,3.3643,46364118,1383181262,41302184412,41302184412
'600150,2016/12/23,29.78,30.9,29.3,29.48,29.66,0.12,0.4046,4.9679,68463081,2061692534,41040342068,41040342068
'600150,2016/12/22,29.66,30.25,28.81,29.05,28.95,0.71,2.4525,5.0406,69465569,2059033474,40874967957,40874967957
'600150,2016/12/21,28.95,29.5,26.88,27.15,27.01,1.94,7.1825,5.622,77478156,2191410520,39896504462,39896504462
'600150,2016/12/20,27.01,27.32,26.7,27,27.24,-0.23,-0.8443,1.6783,23128713,623479078,37222956322,37222956322
'600150,2016/12/19,27.24,27.45,26.5,26.9,26.82,0.42,1.566,2.6274,36208658,978897280,37539923370,37539923370
'600150,2016/12/16,26.82,27.89,26.8,27.7,28.12,-1.3,-4.623,3.6428,50202514,1366977295,36961113978,36961113978
'600150,2016/12/15,28.12,29.36,27.75,27.96,28.32,-0.2,-0.7062,4.8591,66964662,1910698084,38752666856,38752666856
'600150,2016/12/14,28.32,29.16,28.19,28.55,29.04,-0.72,-2.4793,4.9252,67875624,1944040562,39028290375,39028290375
'600150,2016/12/13,29.04,29.37,26.82,26.9,27.04,2,7.3964,6.3321,87263448,2460802721,40020535046,40020535046
'600150,2016/12/12,27.04,28.46,26.88,27.5,27.94,-0.9,-3.2212,5.2038,71714151,1998970021,37264299850,37264299850
'600150,2016/12/9,27.94,27.99,26.1,26.68,27.17,0.77,2.834,3.5871,49434322,1321224074,38504605688,38504605688
'600150,2016/12/8,27.17,28.46,26.92,27.26,27.62,-0.45,-1.6293,4.0142,55320899,1534033094,37443455138,37443455138
'600150,2016/12/7,27.62,28.18,26.64,26.8,26.87,0.75,2.7912,4.7543,65520131,1805814927,38063608057,38063608057
'600150,2016/12/6,26.87,27.11,26.3,26.94,27.31,-0.44,-1.6111,3.8256,52721562,1410256595,37030019858,37030019858
'600150,2016/12/5,27.31,27.92,24.22,24.25,25.38,1.93,7.6044,6.5007,89587681,2402359603,37636391601,37636391601
'600150,2016/12/2,25.38,26.5,24.92,24.92,24.59,0.79,3.2127,5.1002,70286765,1806063084,34976624637,34976624637
'600150,2016/12/1,24.59,25.14,23.75,23.8,23.84,0.75,3.146,3.1159,42941315,1055761907,33887911735,33887911735
'600150,2016/11/30,23.84,24.34,23.66,24.25,24.5,-0.66,-2.6939,1.9511,26888674,644547989,32854323536,32854323536
'600150,2016/11/29,24.5,24.97,23.52,23.78,23.88,0.62,2.5963,3.6047,49677459,1208854167,33763881151,33763881151
'600150,2016/11/28,23.88,24.05,23.6,23.76,23.68,0.2,0.8446,1.3473,18567754,443115754,32909448240,32909448240
'600150,2016/11/25,23.68,23.69,23.17,23.5,23.43,0.25,1.067,1.0734,14792197,345919033,32633824721,32633824721
'600150,2016/11/24,23.43,23.85,23.3,23.85,23.86,-0.43,-1.8022,1.1318,15596956,367975297,32289295321,32289295321
'600150,2016/11/23,23.86,24.27,23.8,24.07,24.04,-0.18,-0.7488,1.572,21663406,520665798,32881885888,32881885888
'600150,2016/11/22,24.04,24.25,23.53,23.68,23.61,0.43,1.8213,2.0058,27642018,662401944,33129947056,33129947056
'600150,2016/11/21,23.61,24.13,23.2,23.35,23.36,0.25,1.0702,1.3695,18873069,447841090,32537356489,32537356489
'600150,2016/11/18,23.36,24.01,23.18,23.9,24.01,-0.65,-2.7072,1.5266,21038799,496024191,32192827089,32192827089
'600150,2016/11/17,24.01,24.17,23.47,23.5,23.45,0.56,2.3881,1.959,26997862,642799187,33088603528,33088603528
'600150,2016/11/16,23.45,23.78,23.34,23.65,23.44,0.01,0.0427,0.8919,12291433,289084189,32316857673,32316857673
'600150,2016/11/15,23.44,23.81,23.22,23.54,23.52,-0.08,-0.3401,1.0332,14238950,334238907,32303076497,32303076497
'600150,2016/11/14,23.52,23.77,23.06,23.14,23.14,0.38,1.6422,1.6196,22319317,523418555,32413325905,32413325905
'600150,2016/11/11,23.14,23.49,22.47,22.51,22.62,0.52,2.2989,1.3544,18664606,428704900,31889641218,31889641218
'600150,2016/11/10,22.62,22.77,22.36,22.36,22.13,0.49,2.2142,0.9494,13084084,295383332,31173020067,31173020067
'600150,2016/11/9,22.13,22.51,22.02,22.5,22.53,-0.4,-1.7754,0.7003,9651516,214817814,30497742444,30497742444
'600150,2016/11/8,22.53,22.62,22.35,22.45,22.34,0.19,0.8505,0.4758,6557166,147430773,31048989483,31048989483
'600150,2016/11/7,22.34,22.49,22.2,22.26,22.39,-0.05,-0.2233,0.4167,5741971,128222179,30787147139,30787147139
'600150,2016/11/4,22.39,22.64,22.3,22.39,22.41,-0.02,-0.0892,0.5085,7008002,157252695,30856053019,30856053019
'600150,2016/11/3,22.41,22.62,22.15,22.25,22.22,0.19,0.8551,0.7232,9966903,223113121,30883615371,30883615371
'600150,2016/11/2,22.22,22.6,22.18,22.6,22.62,-0.4,-1.7683,0.8148,11229397,250694267,30621773028,30621773028
'600150,2016/11/1,22.62,22.75,22.46,22.54,22.53,0.09,0.3995,0.5172,7127169,160894080,31173020067,31173020067
'600150,2016/10/31,22.53,22.86,22.4,22.8,23.24,-0.71,-3.0551,1.0366,14285786,322453999,31048989483,31048989483
'600150,2016/10/28,23.24,24,23.1,23.88,23.42,-0.18,-0.7686,0.901,12417016,291149882,32027452978,32027452978
'600150,2016/10/27,23.42,23.57,23.28,23.39,23.41,0.01,0.0427,0.4798,6612871,155079259,32275514145,32275514145
'600150,2016/10/26,23.41,23.79,23.32,23.63,23.73,-0.32,-1.3485,0.7712,10628409,249864982,32261732969,32261732969
'600150,2016/10/25,23.73,24.1,23.61,24.1,24.18,-0.45,-1.861,1.1887,16382296,390063166,32702730601,32702730601
'600150,2016/10/24,24.18,24.35,23.72,23.9,23.87,0.31,1.2987,1.8064,24894566,601168101,33322883520,33322883520
'600150,2016/10/21,23.87,23.99,23.23,23.4,23.59,0.28,1.1869,1.5592,21487457,508564730,32895667064,32895667064
'600150,2016/10/20,23.59,24.28,23.49,23.8,23.82,-0.23,-0.9656,1.3086,18033986,430528715,32509794137,32509794137
'600150,2016/10/19,23.82,24.16,23.65,23.95,23.88,-0.06,-0.2513,1.416,19513823,466442279,32826761184,32826761184
'600150,2016/10/18,23.88,24.05,22.91,23.03,23.24,0.64,2.7539,1.61,22187165,523926260,32909448240,32909448240
'600150,2016/10/17,23.24,24.35,23.21,23.5,23.47,-0.23,-0.98,1.9547,26937645,640389039,32027452978,32027452978
'600150,2016/10/14,23.47,23.49,22.62,22.96,23.13,0.34,1.47,1.0709,14758651,339734303,32344420025,32344420025
'600150,2016/10/13,23.13,23.58,22.95,22.99,22.96,0.17,0.7404,0.9544,13152756,306000707,31875860042,31875860042
'600150,2016/10/12,22.96,23.23,22.91,23.2,23.34,-0.38,-1.6281,0.8758,12068995,277875070,31641580050,31641580050
'600150,2016/10/11,23.34,23.7,22.4,22.42,22.15,1.19,5.3725,1.971,27162579,630928382,32165264737,32165264737
'600150,2016/10/10,22.15,22.16,21.7,21.7,21.57,0.58,2.6889,0.6082,8382161,184636765,30525304796,30525304796
'600150,2016/9/30,21.57,21.62,21.4,21.4,21.43,0.14,0.6533,0.2875,3962530,85257770,29725996589,29725996589
'600150,2016/9/29,21.43,21.56,21.4,21.45,21.38,0.05,0.2339,0.3472,4785220,102786095,29533060125,29533060125
'600150,2016/9/28,21.38,21.54,21.35,21.51,21.44,-0.06,-0.2799,0.2858,3939208,84404973,29464154245,29464154245
'600150,2016/9/27,21.44,21.58,21.16,21.16,21.31,0.13,0.61,0.398,5485253,116996673,29546841301,29546841301
'600150,2016/9/26,21.31,21.87,21.27,21.87,21.83,-0.52,-2.382,0.5246,7229562,155636888,29367686013,29367686013
'600150,2016/9/23,21.83,22.12,21.81,22.02,21.95,-0.12,-0.5467,0.3446,4749513,104068982,30084307164,30084307164
'600150,2016/9/22,21.95,22.16,21.93,22.04,21.92,0.03,0.1369,0.4332,5969376,131635570,30249681276,30249681276
'600150,2016/9/21,21.92,22.05,21.85,21.85,21.9,0.02,0.0913,0.3674,5063569,111243313,30208337748,30208337748
'600150,2016/9/20,21.9,22.17,21.85,22.15,22.13,-0.23,-1.0393,0.3562,4909084,107634049,30180775396,30180775396
'600150,2016/9/19,22.13,22.33,22.04,22.28,22.04,0.09,0.4083,0.3555,4899782,108646960,30497742444,30497742444
'600150,2016/9/14,22.04,22.16,21.68,21.85,21.89,0.15,0.6852,0.4219,5813700,127535430,30373711860,30373711860
'600150,2016/9/13,21.89,22.09,21.77,21.91,21.8,0.09,0.4128,0.358,4934293,108050573,30166994220,30166994220
'600150,2016/9/12,21.8,22.3,21.78,22.25,22.67,-0.87,-3.8377,0.798,10997979,242365696,30042963636,30042963636
'600150,2016/9/9,22.67,22.97,22.65,22.8,22.82,-0.15,-0.6573,0.4841,6671750,152276804,31241925947,31241925947
'600150,2016/9/8,22.82,22.88,22.7,22.78,22.78,0.04,0.1756,0.402,5540254,126343587,31448643586,31448643586
'600150,2016/9/7,22.78,23.09,22.75,22.93,22.94,-0.16,-0.6975,0.5842,8051139,184584353,31393518882,31393518882
'600150,2016/9/6,22.94,22.95,22.51,22.69,22.61,0.33,1.4595,0.5403,7446568,169550395,31614017698,31614017698
'600150,2016/9/5,22.61,22.84,22.58,22.65,22.54,0.07,0.3106,0.4867,6707750,152424139,31159238891,31159238891
'600150,2016/9/2,22.54,22.82,22.41,22.69,22.69,-0.15,-0.6611,0.6025,8303838,188019142,31062770659,31062770659
'600150,2016/9/1,22.69,22.95,22.68,22.7,23,-0.31,-1.3478,0.7497,10332124,235613869,31269488299,31269488299
'600150,2016/8/31,23,23.6,22.88,23.5,23.78,-0.78,-3.2801,1.5824,21807557,503329344,31696704754,31696704754
'600150,2016/8/30,23.78,24.09,23.68,23.71,23.69,0.09,0.3799,0.566,7799496,186172367,32771636480,32771636480
'600150,2016/8/29,23.69,23.83,23.57,23.57,23.56,0.13,0.5518,0.4426,6099508,144696545,32647605897,32647605897
'600150,2016/8/26,23.56,23.81,23.49,23.59,23.55,0.01,0.0425,0.4532,6245264,147656515,32468450609,32468450609
'600150,2016/8/25,23.55,23.85,23.4,23.85,23.91,-0.36,-1.5056,0.6469,8914387,209658104,32454669433,32454669433
'600150,2016/8/24,23.91,24.09,23.76,23.88,23.85,0.06,0.2516,0.535,7372948,176414493,32950791768,32950791768
'600150,2016/8/23,23.85,23.97,23.61,23.66,23.78,0.07,0.2944,0.4938,6804796,162218665,32868104712,32868104712
'600150,2016/8/22,23.78,24.36,23.76,24.25,24.29,-0.51,-2.0996,0.6531,9000893,216362925,32771636480,32771636480
'600150,2016/8/19,24.29,24.45,24.04,24.26,24.4,-0.11,-0.4508,0.7564,10423962,252499219,33474476455,33474476455
'600150,2016/8/18,24.4,24.69,24.19,24.31,24.38,0.02,0.082,0.8642,11909526,290448529,33626069391,33626069391
'600150,2016/8/17,24.38,24.75,24.24,24.39,24.39,-0.01,-0.041,1.1368,15666014,384087722,33598507039,33598507039
'600150,2016/8/16,24.39,24.54,24.18,24.4,24.39,0,0,1.088,14994039,365553042,33612288215,33612288215
'600150,2016/8/15,24.39,24.61,23.66,23.66,23.66,0.73,3.0854,1.447,19941515,483108355,33612288215,33612288215
'600150,2016/8/12,23.66,23.7,23.35,23.39,23.38,0.28,1.1976,0.5009,6902665,162475905,32606262369,32606262369
'600150,2016/8/11,23.38,23.9,23.36,23.83,23.99,-0.61,-2.5427,0.7803,10753718,253589084,32220389441,32220389441
'600150,2016/8/10,23.99,24.23,23.75,23.77,23.82,0.17,0.7137,0.9079,12511704,300267393,33061041176,33061041176
'600150,2016/8/9,23.82,23.89,23.62,23.76,23.9,-0.08,-0.3347,0.7752,10682495,253533220,32826761184,32826761184
'600150,2016/8/8,23.9,23.98,22.95,23.1,23.11,0.79,3.4184,1.1803,16265606,381937693,32937010592,32937010592
'600150,2016/8/5,23.11,23.29,23.05,23.28,23.3,-0.19,-0.8155,0.4683,6453047,149438457,31848297690,31848297690
'600150,2016/8/4,23.3,23.33,23.02,23.08,23.28,0.02,0.0859,0.5454,7516804,174123043,32110140033,32110140033
'600150,2016/8/3,23.28,23.46,23.03,23.15,23.17,0.11,0.4748,0.5576,7684596,178575864,32082577681,32082577681
'600150,2016/8/2,23.17,23.18,22.89,22.9,22.93,0.24,1.0467,0.494,6807314,156851797,31930984746,31930984746
'600150,2016/8/1,22.93,23.36,22.86,23.28,23.36,-0.43,-1.8408,0.6586,9075929,208691807,31600236522,31600236522
'600150,2016/7/29,23.36,23.74,23.15,23.6,23.69,-0.33,-1.393,0.6495,8951144,209730117,32192827089,32192827089
'600150,2016/7/28,23.69,23.9,23.25,23.54,23.5,0.19,0.8085,1.0313,14213050,336055494,32647605897,32647605897
'600150,2016/7/27,23.5,24.97,23.06,24.62,24.55,-1.05,-4.277,1.8617,25657006,617929118,32385763553,32385763553
'600150,2016/7/26,24.55,24.58,24.2,24.24,24.2,0.35,1.4463,0.7988,11008864,269320540,33832787031,33832787031
'600150,2016/7/25,24.2,24.48,24.14,24.17,24.31,-0.11,-0.4525,0.6772,9332171,226415121,33350445872,33350445872
'600150,2016/7/22,24.31,24.74,24.27,24.5,24.36,-0.05,-0.2053,1.0932,15065096,369461993,33502038807,33502038807
'600150,2016/7/21,24.36,24.66,24.29,24.36,24.31,0.05,0.2057,0.8899,12263662,300019439,33570944687,33570944687
'600150,2016/7/20,24.31,24.59,24.28,24.59,24.59,-0.28,-1.1387,0.6917,9532149,232712279,33502038807,33502038807
'600150,2016/7/19,24.59,24.69,24.33,24.38,24.37,0.22,0.9027,0.8753,12062339,295397383,33887911735,33887911735
'600150,2016/7/18,24.37,24.63,24.21,24.63,24.69,-0.32,-1.2961,1.1075,15263319,372693029,33584725863,33584725863
'600150,2016/7/15,24.69,25.5,24.63,25.36,25.22,-0.53,-2.1015,1.4608,20131724,501133582,34025723495,34025723495
'600150,2016/7/14,25.22,25.65,24.8,25.33,25.39,-0.17,-0.6696,1.7131,23607858,594545457,34756125822,34756125822
'600150,2016/7/13,25.39,26.26,25.21,25.82,25.19,0.2,0.794,2.7795,38305197,984003590,34990405813,34990405813
'600150,2016/7/12,25.19,25.33,24.6,25.07,25.07,0.12,0.4787,1.9964,27513046,685977510,34714782294,34714782294
'600150,2016/7/11,25.07,25.63,24.81,24.84,24.5,0.57,2.3265,3.0898,42581716,1070976840,34549408182,34549408182
'600150,2016/7/8,24.5,24.97,24.47,24.68,24.71,-0.21,-0.8499,1.9017,26208235,646916720,33763881151,33763881151
'600150,2016/7/7,24.71,24.96,24.31,24.96,24.96,-0.25,-1.0016,1.7474,24080994,591841491,34053285847,34053285847
'600150,2016/7/6,24.96,25.26,24.48,24.7,25.03,-0.07,-0.2797,2.377,32758286,811905349,34397815246,34397815246
'600150,2016/7/5,25.03,26.05,23.92,24,24.04,0.99,4.1181,4.748,65432629,1644508202,34494283478,34494283478
'600150,2016/7/4,24.04,24.1,22.32,22.57,22.58,1.46,6.4659,3.1872,43923213,1035374970,33129947056,33129947056
'600150,2016/7/1,22.58,22.73,22.25,22.33,22.26,0.32,1.4376,1.4963,20620653,464887646,31117895363,31117895363
'600150,2016/6/30,22.26,22.43,22.08,22.41,22.33,-0.07,-0.3135,0.8958,12345197,274133398,30676897732,30676897732
'600150,2016/6/29,22.33,22.85,22.21,22.36,22.22,0.11,0.495,1.696,23373266,527253208,30773365963,30773365963
'600150,2016/6/28,22.22,22.57,21.56,21.68,21.71,0.51,2.3491,1.464,20175477,445117884,30621773028,30621773028
'600150,2016/6/27,21.71,21.73,21.07,21.08,21.23,0.48,2.261,0.9817,13529318,292127902,29918933053,29918933053
'600150,2016/6/24,21.23,21.75,20.71,21.62,21.64,-0.41,-1.8946,1.0523,14502577,308466164,29257436606,29257436606
'600150,2016/6/23,21.64,21.8,21.35,21.62,21.62,0.02,0.0925,0.9019,12429898,268300394,29822464821,29822464821
'600150,2016/6/22,21.62,21.63,21.3,21.35,21.39,0.23,1.0753,0.6363,8769642,188342836,29794902469,29794902469
'600150,2016/6/21,21.39,21.82,21.3,21.62,21.5,-0.11,-0.5116,1.0506,14478041,311952397,29477935421,29477935421
'600150,2016/6/20,21.5,21.84,21.44,21.76,21.73,-0.23,-1.0584,0.8096,11156575,240312466,29629528357,29629528357
'600150,2016/6/17,21.73,22.06,21.67,21.8,21.73,0,0,0.8129,11203316,244808136,29946495405,29946495405
'600150,2016/6/16,21.73,21.94,21.6,21.84,21.99,-0.26,-1.1824,0.7549,10402918,226320434,29946495405,29946495405
'600150,2016/6/15,21.99,22.11,21.28,21.34,21.55,0.44,2.0418,0.8955,12341025,269475392,30304805980,30304805980
'600150,2016/6/14,21.55,21.67,21.3,21.43,21.66,-0.11,-0.5078,0.8026,11061356,237530765,29698434237,29698434237
'600150,2016/6/13,21.66,22.82,21.61,22.36,22.69,-1.03,-4.5394,1.3835,19066012,425779078,29850027173,29850027173
'600150,2016/6/8,22.69,22.73,22.02,22.32,22.29,0.4,1.7945,1.176,16206225,363313492,31269488299,31269488299
'600150,2016/6/7,22.29,22.54,22.2,22.45,22.49,-0.2,-0.8893,0.7437,10249651,228453021,30718241259,30718241259
'600150,2016/6/6,22.49,22.84,22.34,22.72,22.66,-0.17,-0.7502,0.6395,8813508,199347157,30993864779,30993864779
'600150,2016/6/3,22.68,22.88,22.58,22.72,22.66,0.02,0.0883,0.8133,11207736,254594495,31255707123,31255707123
'600150,2016/6/2,22.66,22.69,22.35,22.59,22.66,0,0,0.7611,10488651,236427458,31228144771,31228144771
'600150,2016/6/1,22.66,22.95,22.56,22.7,22.64,0.02,0.0883,0.9188,12662752,288001056,31228144771,31228144771
'600150,2016/5/31,22.64,22.66,21.69,21.7,21.72,0.92,4.2357,1.1788,16245719,363260076,31200582419,31200582419
'600150,2016/5/30,21.72,21.93,21.5,21.93,21.9,-0.18,-0.8219,0.3667,5053922,109793711,29932714229,29932714229
'600150,2016/5/27,21.9,22.15,21.63,21.7,21.77,0.13,0.5972,0.497,6848847,150011376,30180775396,30180775396
'600150,2016/5/26,21.77,21.95,21.28,21.77,21.76,0.01,0.046,0.5182,7142072,154037337,30001620109,30001620109
'600150,2016/5/25,21.76,22.2,21.76,22.11,21.88,-0.12,-0.5484,0.3909,5387385,118420681,29987838933,29987838933
'600150,2016/5/24,21.88,22.18,21.79,22.12,22.25,-0.37,-1.6629,0.3799,5235106,114784688,30153213044,30153213044
'600150,2016/5/23,22.25,22.48,21.99,22,21.92,0.33,1.5055,0.5919,8156835,181406093,30663116556,30663116556
'600150,2016/5/20,21.92,22.18,21.3,21.36,21.63,0.29,1.3407,0.5373,7404131,161243892,30208337748,30208337748
'600150,2016/5/19,21.63,21.88,21.54,21.6,21.58,0.05,0.2317,0.4234,5835478,126744375,29808683645,29808683645
'600150,2016/5/18,21.58,22.2,21.34,22.2,22.22,-0.64,-2.8803,0.6276,8649493,187523978,29739777765,29739777765
'600150,2016/5/17,22.22,22.44,22.1,22.44,22.34,-0.12,-0.5372,0.4877,6720976,149731997,30621773028,30621773028
'600150,2016/5/16,22.34,22.45,21.87,21.89,21.88,0.46,2.1024,0.6318,8706397,193767455,30787147139,30787147139
'600150,2016/5/13,21.88,22.24,21.7,21.93,21.94,-0.06,-0.2735,0.4422,6094088,134220556,30153213044,30153213044
'600150,2016/5/12,21.94,21.99,21.32,21.7,21.84,0.1,0.4579,0.5155,7104668,154153506,30235900100,30235900100
'600150,2016/5/11,21.84,22.3,21.53,22.26,22.02,-0.18,-0.8174,0.5201,7167529,157438963,30098088340,30098088340
'600150,2016/5/10,22.02,22.38,21.6,21.61,21.6,0.42,1.9444,0.637,8778273,192488853,30346149508,30346149508
'600150,2016/5/9,21.6,22.38,21.5,22.3,22.53,-0.93,-4.1278,0.7418,10223033,223716934,29767340117,29767340117
'600150,2016/5/6,22.53,23.65,22.51,23.52,23.59,-1.06,-4.4934,0.9414,12972919,298475683,31048989483,31048989483
'600150,2016/5/5,23.59,23.7,23.24,23.32,23.44,0.15,0.6399,0.7168,9878795,231855752,32509794137,32509794137
'600150,2016/5/4,23.44,23.8,23.16,23.33,23.34,0.1,0.4284,0.8115,11183287,261816616,32303076497,32303076497
'600150,2016/5/3,23.34,23.37,22.7,22.8,22.71,0.63,2.7741,0.6884,9487050,219369630,32165264737,32165264737
'600150,2016/4/29,22.71,22.92,22.52,22.65,22.71,0,0,0.4304,5931249,135201959,31297050651,31297050651
'600150,2016/4/28,22.71,23.06,22.4,23.04,22.95,-0.24,-1.0458,0.5561,7663143,173968920,31297050651,31297050651
'600150,2016/4/27,22.95,23.28,22.88,23.21,23.19,-0.24,-1.0349,0.458,6311160,145505813,31627798874,31627798874
'600150,2016/4/26,23.19,23.28,22.89,22.99,22.96,0.23,1.0017,0.4311,5940666,137159351,31958547098,31958547098
'600150,2016/4/25,22.96,23.35,22.74,23.35,23.39,-0.43,-1.8384,0.5669,7812435,179188378,31641580050,31641580050
'600150,2016/4/22,23.39,23.6,22.82,22.93,23.03,0.36,1.5632,0.7527,10373483,242177357,32234170617,32234170617
'600150,2016/4/21,23.03,23.47,22.91,23.38,23.38,-0.35,-1.497,0.8407,11586041,269592254,31738048282,31738048282
'600150,2016/4/20,23.38,24.95,22.66,24.88,24.75,-1.37,-5.5354,1.4251,19639626,467268739,32220389441,32220389441
'600150,2016/4/19,24.75,24.98,24.58,24.81,24.69,0.06,0.243,0.5748,7921853,196187639,34108410551,34108410551
'600150,2016/4/18,24.69,25.3,24.59,25.3,25.58,-0.89,-3.4793,1.0624,14641049,362898024,34025723495,34025723495
'600150,2016/4/15,25.58,26.02,25.33,25.5,25.5,0.08,0.3137,1.2699,17501140,449446228,35252248157,35252248157
'600150,2016/4/14,25.5,26.12,25.23,25.83,25.31,0.19,0.7507,1.2048,16603314,424279199,35141998749,35141998749
'600150,2016/4/13,25.31,25.48,24.8,24.82,24.66,0.65,2.6358,1.4239,19622392,495693726,34880156405,34880156405
'600150,2016/4/12,24.66,24.98,24.45,24.91,24.91,-0.25,-1.0036,0.6469,8915469,219638524,33984379967,33984379967
'600150,2016/4/11,24.91,25.17,24.67,24.7,24.49,0.42,1.715,0.7836,10798911,269528610,34328909366,34328909366
'600150,2016/4/8,24.49,24.85,24.25,24.7,24.98,-0.49,-1.9616,0.9341,12872493,315362035,33750099975,33750099975
'600150,2016/4/7,24.98,25.87,24.93,25.75,25.63,-0.65,-2.5361,1.1063,15246304,385845361,34425377598,34425377598
'600150,2016/4/6,25.63,25.96,25.23,25.58,25.82,-0.19,-0.7359,1.2123,16706382,427692021,35321154037,35321154037
'600150,2016/4/5,25.82,25.92,25.1,25.25,24.93,0.89,3.57,1.6638,22928549,586429349,35582996380,35582996380
'600150,2016/4/1,24.93,25.18,24.41,24.96,25.12,-0.19,-0.7564,0.9304,12822653,318200935,34356471718,34356471718
'600150,2016/3/31,25.12,25.67,24.7,25.02,24.87,0.25,1.0052,1.5686,21617037,544691888,34618314062,34618314062
'600150,2016/3/30,24.87,24.94,24.2,24.22,24.02,0.85,3.5387,0.9887,13625437,334304400,34273784662,34273784662
'600150,2016/3/29,24.02,24.83,23.82,24.74,24.69,-0.67,-2.7136,0.983,13546298,327989959,33102384704,33102384704
'600150,2016/3/28,24.69,25.62,24.5,25.16,25,-0.31,-1.24,1.1616,16007919,402964894,34025723495,34025723495
'600150,2016/3/25,25,25.23,24.62,24.82,24.98,0.02,0.0801,0.9875,13609182,338744235,34452939950,34452939950
'600150,2016/3/24,24.98,26.2,24.95,25.47,25.62,-0.64,-2.498,1.9185,26439504,674201770,34425377598,34425377598
'600150,2016/3/23,25.62,25.9,25.17,25.8,26.17,-0.55,-2.1016,1.8741,25827777,659162885,35307372861,35307372861
'600150,2016/3/22,26.17,26.83,25.02,25.13,25.48,0.69,2.708,3.5035,48281915,1254772777,36065337540,36065337540
'600150,2016/3/21,25.48,25.57,24.91,25.11,24.89,0.59,2.3704,2.2771,31381344,791658447,35114436397,35114436397
'600150,2016/3/18,24.89,24.98,24.04,24.08,24.16,0.73,3.0215,2.1589,29751906,732608378,34301347014,34301347014
'600150,2016/3/17,24.16,24.28,23.34,23.35,23.21,0.95,4.0931,1.5409,21234979,507734670,33295321168,33295321168
'600150,2016/3/16,23.21,24.06,23.05,23.7,23.9,-0.69,-2.887,0.9708,13379218,314668969,31986109450,31986109450
'600150,2016/3/15,23.9,24,23.17,23.48,23.48,0.42,1.7888,1.1925,16433666,388611699,32937010592,32937010592
'600150,2016/3/14,23.48,23.88,22.86,23,22.58,0.9,3.9858,0.9778,13475563,316237762,32358201201,32358201201
'600150,2016/3/11,22.58,22.98,22.21,22.52,22.74,-0.16,-0.7036,0.6671,9193418,207909383,31117895363,31117895363
'600150,2016/3/10,22.74,23.68,22.68,23.33,23.32,-0.58,-2.4871,0.7484,10313513,239369794,31338394179,31338394179
'600150,2016/3/9,23.32,23.93,23.15,23.3,24.08,-0.76,-3.1561,0.9962,13728541,322405310,32137702385,32137702385
'600150,2016/3/8,24.08,24.3,23.06,24.1,24.54,-0.46,-1.8745,1.4135,19479314,461023611,33185071760,33185071760
'600150,2016/3/7,24.54,24.99,23.91,24.09,23.91,0.63,2.6349,1.7005,23435208,571831494,33819005855,33819005855
'600150,2016/3/4,23.91,24.88,23.17,23.3,23.3,0.61,2.618,2.4068,33168386,800709797,32950791768,32950791768
'600150,2016/3/3,23.3,24,22.99,22.99,22.97,0.33,1.4367,1.6791,23139940,543785214,32110140033,32110140033
'600150,2016/3/2,22.97,23.04,21.4,21.55,21.55,1.42,6.5893,1.416,19514644,437630286,31655361226,31655361226
'600150,2016/3/1,21.55,21.77,20.91,21.03,20.98,0.57,2.7169,0.9998,13778426,294816009,29698434237,29698434237
'600150,2016/2/29,20.98,22.45,20.55,22.45,22.43,-1.45,-6.4646,1.1068,15253104,321209702,28912907206,28912907206
'600150,2016/2/26,22.43,22.98,21.9,22.51,22.45,-0.02,-0.0891,0.965,13298462,299182576,30911177723,30911177723
'600150,2016/2/25,22.45,25,22.45,25,24.94,-2.49,-9.984,1.8374,25321079,596637384,30938740075,30938740075
'600150,2016/2/24,24.94,25.18,23.95,24,24.22,0.72,2.9727,1.6828,23190587,571089883,34370252894,34370252894
'600150,2016/2/23,24.22,24.8,23.72,24.68,24.59,-0.37,-1.5047,1.0717,14768790,358197167,33378008224,33378008224
'600150,2016/2/22,24.59,24.94,24.28,24.55,24.2,0.39,1.6116,1.3545,18665967,458680450,33887911735,33887911735
'600150,2016/2/19,24.2,24.75,24,24.16,24.01,0.19,0.7913,1.2131,16717806,405610625,33350445872,33350445872
'600150,2016/2/18,24.01,24.63,23.94,24.51,24.4,-0.39,-1.5984,1.437,19803553,478531326,33088603528,33088603528
'600150,2016/2/17,24.4,25.09,23.86,24,24.19,0.21,0.8681,2.2145,30518434,750286512,33626069391,33626069391
'600150,2016/2/16,24.19,24.45,22.88,23.05,22.74,1.45,6.3764,1.7972,24767370,585743008,33336664696,33336664696
'600150,2016/2/15,22.74,23,21.91,22.1,22.9,-0.16,-0.6987,1.027,14152952,318808449,31338394179,31338394179
'600150,2016/2/5,22.9,23.64,22.43,22.5,22.57,0.33,1.4621,1.5804,21780237,503403829,31558892994,31558892994
'600150,2016/2/4,22.57,23.02,22.05,22.3,22.1,0.47,2.1267,1.117,15393769,348015134,31104114187,31104114187
'600150,2016/2/3,22.1,22.18,21.44,21.65,22.08,0.02,0.0906,0.8382,11551080,251617692,30456398916,30456398916
'600150,2016/2/2,22.08,22.48,21.4,21.48,21.37,0.71,3.3224,1.0766,14836437,326874568,30428836564,30428836564
'600150,2016/2/1,21.37,22.65,20.22,22.2,22.45,-1.08,-4.8107,1.2069,16632345,360398755,29450373069,29450373069
'600150,2016/1/29,22.45,22.74,21.38,21.6,21.57,0.88,4.0797,1.2211,16827888,371543010,30938740075,30938740075
'600150,2016/1/28,21.57,23.75,21.56,23.5,23.96,-2.39,-9.975,1.391,19169149,432639381,29725996589,29725996589
'600150,2016/1/27,23.96,25.19,22.51,25.02,24.73,-0.77,-3.1136,1.3394,18458569,436486662,33019697648,33019697648
'600150,2016/1/26,24.73,27.65,24.73,27.07,27.48,-2.75,-10.0073,1.3035,17963540,467182586,34080848199,34080848199
'600150,2016/1/25,27.48,28.17,27.23,27.5,27.29,0.19,0.6962,0.6468,8913288,246223223,37870671593,37870671593
'600150,2016/1/22,27.29,27.65,26.5,27.16,27.03,0.26,0.9619,0.7906,10895536,296135213,37608829249,37608829249
'600150,2016/1/21,27.03,28.88,26.9,27.2,27.63,-0.6,-2.1716,1.3386,18447176,515397247,37250518674,37250518674
'600150,2016/1/20,27.63,28.35,27.48,28,28.17,-0.54,-1.9169,0.9372,12915158,360502179,38077389233,38077389233
'600150,2016/1/19,28.17,28.5,26.89,27.2,27.3,0.87,3.1868,1.0984,15137149,421565153,38821572736,38821572736
'600150,2016/1/18,27.3,27.85,26.03,26.5,27.27,0.03,0.11,1.0332,14238774,387730875,37622610425,37622610425
'600150,2016/1/15,27.27,29.19,26.73,28.6,28.77,-1.5,-5.2138,1.1429,15750055,444024039,37581266898,37581266898
'600150,2016/1/14,28.77,28.83,26.58,27,27.88,0.89,3.1923,1.0416,14353802,398681999,39648443295,39648443295
'600150,2016/1/13,27.88,29.47,27.81,29.18,29.18,-1.3,-4.4551,0.9252,12750272,366304097,38421918632,38421918632
'600150,2016/1/12,29.18,29.96,28.04,28.8,28.81,0.37,1.2843,1.2052,16608416,479822339,40213471510,40213471510
'600150,2016/1/11,28.81,31.43,28.69,30.95,31.6,-2.79,-8.8291,1.4296,19701418,591950866,39703567998,39703567998
'600150,2016/1/8,31.6,32.85,30,32.46,31.47,0.13,0.4131,1.4778,20366030,647574363,43548516097,43548516097
'600150,2016/1/7,31.47,33.78,31.35,33.7,34.33,-2.86,-8.3309,0.313,4313268,139697738,43369360809,43369360809
'600150,2016/1/6,34.33,34.45,33.45,34.3,34.17,0.16,0.4682,1.3284,18306858,624739929,47310777139,47310777139
'600150,2016/1/5,34.17,34.34,30.6,31,32.21,1.96,6.0851,2.0634,28435988,943371762,47090278324,47090278324
'600150,2016/1/4,32.21,36.6,32,36.45,34.83,-2.62,-7.5223,1.6733,23060346,820764018,44389167832,44389167832
