日期,九寨沟,张家界,香港,东部华侨城,上海迪士尼
2017/1/1,30,17,17,3,28
2017/1/2,12,21,8,3,9
2017/1/3,14,22,15,1,32
2017/1/4,6,29,13,7,15
2017/1/5,31,15,5,3,10
2017/1/6,26,23,17,6,25
2017/1/7,9,18,12,7,28
2017/1/8,9,19,12,4,15
2017/1/9,22,24,11,10,14
2017/1/10,32,9,6,3,20
2017/1/11,10,19,16,3,26
2017/1/12,17,17,17,7,31
2017/1/13,21,25,12,10,6
2017/1/14,17,27,15,1,32
2017/1/15,13,28,14,9,3
2017/1/16,30,6,7,5,32
2017/1/17,22,16,18,3,4
2017/1/18,9,20,3,5,30
2017/1/19,4,12,5,7,31
2017/1/20,28,22,12,9,25
2017/1/21,16,9,13,1,4
2017/1/22,8,32,5,5,20
2017/1/23,5,17,20,3,6
2017/1/24,24,30,21,9,21
2017/1/25,13,19,12,4,32
2017/1/26,26,7,9,8,16
2017/1/27,6,8,13,2,8
2017/1/28,31,23,11,7,5
2017/1/29,22,25,6,4,19
2017/1/30,18,16,16,10,31
2017/1/31,28,30,21,1,25
2017/2/1,19,10,3,1,12
2017/2/2,6,29,10,8,4
2017/2/3,12,19,9,8,17
2017/2/4,10,5,21,2,10
2017/2/5,25,16,10,7,15
2017/2/6,14,34,9,10,28
2017/2/7,4,7,19,3,22
2017/2/8,17,33,16,2,26
2017/2/9,18,20,7,7,21
2017/2/10,18,10,9,4,30
2017/2/11,5,20,20,2,25
2017/2/12,15,15,7,3,13
2017/2/13,30,23,13,8,6
2017/2/14,25,10,20,8,15
2017/2/15,20,26,4,4,18
2017/2/16,13,28,6,3,17
2017/2/17,18,13,9,3,16
2017/2/18,27,12,11,7,19
2017/2/19,14,17,5,10,27
2017/2/20,11,9,8,4,28
2017/2/21,5,14,19,3,10
2017/2/22,14,9,14,4,8
2017/2/23,25,6,6,1,17
2017/2/24,14,13,18,7,29
2017/2/25,17,21,12,10,25
2017/2/26,18,18,20,8,10
2017/2/27,11,29,12,2,21
2017/2/28,25,9,13,10,32
2017/3/1,25,9,18,4,25
2017/3/2,28,20,10,3,5
2017/3/3,25,24,5,10,15
2017/3/4,31,11,19,5,16
2017/3/5,27,23,9,8,19
2017/3/6,7,26,19,2,26
2017/3/7,11,9,14,5,16
2017/3/8,5,12,20,6,14
2017/3/9,17,34,14,10,28
2017/3/10,14,14,14,3,21
2017/3/11,10,5,13,3,28
2017/3/12,20,11,19,5,3
2017/3/13,21,14,6,10,31
2017/3/14,31,22,14,3,22
2017/3/15,22,21,5,10,19
2017/3/16,12,24,9,3,29
2017/3/17,26,17,16,1,22
2017/3/18,20,9,21,1,21
2017/3/19,3,27,3,1,4
2017/3/20,20,18,15,3,11
2017/3/21,18,34,20,9,32
2017/3/22,28,14,3,6,9
2017/3/23,30,18,14,4,14
2017/3/24,27,20,5,2,6
2017/3/25,7,22,19,7,23
2017/3/26,32,6,7,2,14
2017/3/27,6,18,14,1,25
2017/3/28,7,33,14,3,10
2017/3/29,24,12,20,5,15
2017/3/30,3,7,12,1,26
2017/3/31,31,17,20,8,9
2017/4/1,6,6,19,9,23
2017/4/2,25,15,19,7,29
2017/4/3,12,20,7,7,15
2017/4/4,23,13,16,10,6
2017/4/5,15,13,8,9,29
2017/4/6,3,11,3,3,9
2017/4/7,12,11,18,9,16
2017/4/8,28,33,14,10,6
2017/4/9,22,23,21,8,30
2017/4/10,30,14,16,7,10
2017/4/11,32,11,13,7,19
2017/4/12,21,17,22,4,27
2017/4/13,32,29,4,8,7
2017/4/14,9,33,4,2,9
2017/4/15,20,19,21,10,10
2017/4/16,3,28,3,6,20
2017/4/17,9,14,14,10,9
2017/4/18,16,21,19,6,27
2017/4/19,15,7,7,1,27
2017/4/20,27,27,16,8,30
2017/4/21,25,24,12,7,6
2017/4/22,27,12,14,3,4
2017/4/23,8,8,21,5,27
2017/4/24,31,6,13,4,5
2017/4/25,15,11,7,9,16
2017/4/26,23,16,3,2,19
2017/4/27,17,11,7,9,30
2017/4/28,27,19,12,2,32
2017/4/29,29,14,18,9,11
2017/4/30,24,33,21,6,7
2017/5/1,30,8,3,8,6
2017/5/2,3,27,6,7,11
2017/5/3,8,8,13,9,27
2017/5/4,31,29,9,9,21
2017/5/5,10,24,13,6,32
2017/5/6,30,22,13,9,22
2017/5/7,31,30,6,9,9
2017/5/8,22,18,12,7,20
2017/5/9,27,26,7,10,24
2017/5/10,17,24,5,6,8
2017/5/11,15,17,17,6,17
2017/5/12,14,15,8,8,29
2017/5/13,15,5,14,1,8
2017/5/14,27,14,6,3,16
2017/5/15,25,32,15,2,32
2017/5/16,18,17,20,5,18
2017/5/17,4,10,7,7,14
2017/5/18,26,7,14,5,30
2017/5/19,3,9,14,3,17
2017/5/20,32,15,6,5,20
2017/5/21,10,26,4,1,21
2017/5/22,32,29,11,2,21
2017/5/23,31,33,22,6,13
2017/5/24,24,8,16,6,8
2017/5/25,3,34,5,4,23
2017/5/26,29,14,18,1,30
2017/5/27,6,16,18,7,14
2017/5/28,25,26,21,5,22
2017/5/29,11,27,17,9,18
2017/5/30,32,31,7,10,14
2017/5/31,18,15,13,9,5
2017/6/1,20,9,16,3,22
2017/6/2,25,28,19,5,32
2017/6/3,30,18,21,6,6
2017/6/4,8,27,17,8,27
2017/6/5,8,22,11,10,10
2017/6/6,27,10,15,5,13
2017/6/7,9,13,20,8,15
2017/6/8,26,25,3,10,4
2017/6/9,18,9,7,2,32
2017/6/10,16,22,17,9,30
2017/6/11,5,19,22,2,7
2017/6/12,10,14,9,8,20
2017/6/13,28,30,10,1,11
2017/6/14,32,20,15,5,13
2017/6/15,4,25,12,2,26
2017/6/16,15,5,21,8,19
2017/6/17,31,31,15,7,18
2017/6/18,32,25,7,5,30
2017/6/19,16,11,17,3,22
2017/6/20,24,29,22,6,29
2017/6/21,12,23,17,2,8
2017/6/22,27,14,17,3,23
2017/6/23,30,26,17,2,3
2017/6/24,22,16,21,2,31
2017/6/25,8,33,18,8,16
2017/6/26,6,32,17,8,32
2017/6/27,13,8,5,6,12
2017/6/28,31,10,10,3,29
2017/6/29,6,24,9,6,9
2017/6/30,3,17,13,3,32
2017/7/1,15,19,13,2,6
2017/7/2,13,26,7,10,5
2017/7/3,19,24,18,1,4
2017/7/4,30,11,5,6,31
2017/7/5,21,26,17,5,32
2017/7/6,20,23,12,1,10
2017/7/7,10,14,14,1,27
2017/7/8,13,13,21,4,5
2017/7/9,19,16,7,10,15
2017/7/10,21,24,13,8,24
2017/7/11,18,29,6,10,22
2017/7/12,12,26,8,6,25
2017/7/13,23,19,20,9,32
2017/7/14,24,15,18,1,10
2017/7/15,27,15,14,3,32
2017/7/16,28,27,15,8,15
2017/7/17,3,16,7,2,20
2017/7/18,21,20,22,9,18
2017/7/19,6,33,7,4,25
2017/7/20,6,15,17,9,31
2017/7/21,23,9,15,5,26
2017/7/22,26,13,21,5,5
2017/7/23,23,8,9,6,21
2017/7/24,20,14,11,6,8
2017/7/25,26,24,22,1,7
2017/7/26,25,21,20,2,30
2017/7/27,31,19,19,2,19
2017/7/28,19,15,22,5,7
2017/7/29,6,7,19,2,18
2017/7/30,9,19,7,9,19
2017/7/31,18,9,17,10,31
2017/8/1,10,31,8,7,5
2017/8/2,23,31,10,9,5
2017/8/3,28,33,10,10,17
2017/8/4,31,27,10,7,27
2017/8/5,17,23,17,8,15
2017/8/6,6,23,10,9,19
2017/8/7,27,11,10,8,21
2017/8/8,15,15,11,6,11
2017/8/9,26,26,14,1,12
2017/8/10,12,7,21,2,26
2017/8/11,13,12,10,3,23
2017/8/12,30,16,6,7,20
2017/8/13,5,18,6,8,31
2017/8/14,25,33,5,10,5
2017/8/15,32,25,9,8,11
2017/8/16,24,23,22,6,9
2017/8/17,28,30,22,6,25
2017/8/18,31,17,11,8,8
2017/8/19,3,6,5,2,5
2017/8/20,24,18,7,8,3
2017/8/21,25,17,17,1,19
2017/8/22,11,32,15,1,19
2017/8/23,28,15,13,7,5
2017/8/24,26,15,20,6,10
2017/8/25,4,15,8,6,3
2017/8/26,22,12,22,8,25
2017/8/27,15,15,4,2,11
2017/8/28,23,8,18,7,7
2017/8/29,32,17,16,4,3
2017/8/30,22,12,19,9,24
2017/8/31,13,26,18,3,21
2017/9/1,11,32,13,2,8
2017/9/2,26,9,12,8,32
2017/9/3,20,21,6,1,21
2017/9/4,28,14,8,4,12
2017/9/5,9,28,6,6,26
2017/9/6,13,7,19,7,31
2017/9/7,21,8,16,6,32
2017/9/8,13,10,11,9,6
2017/9/9,16,32,16,3,31
2017/9/10,29,13,15,10,32
2017/9/11,6,13,14,8,11
2017/9/12,13,18,12,5,6
2017/9/13,29,19,10,10,24
2017/9/14,25,27,18,9,18
2017/9/15,31,17,7,10,31
2017/9/16,23,7,15,6,13
2017/9/17,19,17,22,4,28
2017/9/18,29,20,16,2,3
2017/9/19,26,19,11,4,15
2017/9/20,12,10,17,4,32
2017/9/21,18,31,9,1,14
